{"playerLocation":[34.739959716796878,-1.2360918521881104,0.0],"health":0}