{"playerLocation":[12.812074661254883,-4.791888236999512,0.0],"health":0}